precision@k,recall@k,ndcg@k,map@k,diversity,coverage,fairness_gap,model
0.02265758091993186,0.03373035159822028,0.03918180531901144,0.020319607648004084,0.0,0.019472361809045227,1.0,popularity
0.034899002190313944,0.05401626142653953,0.05912840320909393,0.031359951203109075,0.00028122549417268326,0.0992462311557789,0.9997079581406668,user_cf
0.03321976149914821,0.04638803185677811,0.05087859948790285,0.025099068653628043,0.07514128876990886,0.35175879396984927,0.8984667802385009,item_cf
0.045120467266974926,0.061325615088120594,0.06670634853036823,0.032079776740473645,0.004510424271923419,0.1614321608040201,0.9949379411048918,matrix_factorization
0.035848138233146754,0.048745115733377045,0.05501861761684261,0.02759802629848348,0.03852248451907737,0.3728015075376884,0.9546848381601363,ncf
0.0465076660988075,0.06327411369996104,0.06827540592170837,0.03270138030063977,0.09514074795165085,0.5266959798994975,0.8667315648576296,hybrid
